<?xml version="1.0" encoding="UTF-8"?>

<!-- 
 * PopulateDatabase.xml
 *
 * Copyright (C) 2017 Universidad de Sevilla
 * 
 * The use of this project is hereby constrained to the conditions of the 
 * TDG Licence, a copy of which you may download from 
 * http://www.tdg-seville.info/License.html
 -->

<beans xmlns="http://www.springframework.org/schema/beans"
	xmlns:xsi="http://www.w3.org/2001/XMLSchema-instance"
	xsi:schemaLocation="
		http://www.springframework.org/schema/beans http://www.springframework.org/schema/beans/spring-beans.xsd
	">
	
	<!-- User accounts -->
	<!-- ADMIN -->	
	<bean id="userAccount1" class="security.UserAccount">
		<property name="username" value="admin" />
		<property name="password" value="21232f297a57a5a743894a0e4a801fc3" />
		<property name="authorities">
			<list>
				<bean class="security.Authority">
					<property name="authority" value="ADMIN" />
				</bean>
			</list>
		</property>
	</bean>

	<bean id="userAccount2" class="security.UserAccount">
		<property name="username" value="system" />
		<property name="password" value="54b53072540eeeb8f8e9343e71f28176" />
		<property name="authorities">
			<list>
				<bean class="security.Authority">
					<property name="authority" value="ADMIN" />
				</bean>
			</list>
		</property>
	</bean>
	
	<!-- USERS -->		
	<bean id="userAccount3" class="security.UserAccount">
		<property name="username" value="user1" />
		<property name="password" value="24c9e15e52afc47c225b757e7bee1f9d" />
		<property name="authorities">
			<list>
				<bean class="security.Authority">
					<property name="authority" value="USER" />
				</bean>
			</list>
		</property>
	</bean>
	
	<bean id="userAccount4" class="security.UserAccount">
		<property name="username" value="user2" />
		<property name="password" value="7e58d63b60197ceb55a1c487989a3720" />
		<property name="authorities">
			<list>
				<bean class="security.Authority">
					<property name="authority" value="USER" />
				</bean>
			</list>
		</property>
	</bean>
	
	<bean id="userAccount5" class="security.UserAccount">
		<property name="username" value="user3" />
		<property name="password" value="92877af70a45fd6a2ed7fe81e1236b78" />
		<property name="authorities">
			<list>
				<bean class="security.Authority">
					<property name="authority" value="USER" />
				</bean>
			</list>
		</property>
	</bean>
	
	<bean id="userAccount6" class="security.UserAccount">
		<property name="username" value="user4" />
		<property name="password" value="3f02ebe3d7929b091e3d8ccfde2f3bc6" />
		<property name="authorities">
			<list>
				<bean class="security.Authority">
					<property name="authority" value="USER" />
				</bean>
			</list>
		</property>
	</bean>
	
	<bean id="userAccount7" class="security.UserAccount">
		<property name="username" value="user5" />
		<property name="password" value="0a791842f52a0acfbb3a783378c066b8" />
		<property name="authorities">
			<list>
				<bean class="security.Authority">
					<property name="authority" value="USER" />
				</bean>
			</list>
		</property>
	</bean>
	
	<bean id="userAccount8" class="security.UserAccount">
		<property name="username" value="user6" />
		<property name="password" value="affec3b64cf90492377a8114c86fc093" />
		<property name="authorities">
			<list>
				<bean class="security.Authority">
					<property name="authority" value="USER" />
				</bean>
			</list>
		</property>
	</bean>
	
	<bean id="userAccount9" class="security.UserAccount">
		<property name="username" value="user7" />
		<property name="password" value="3e0469fb134991f8f75a2760e409c6ed" />
		<property name="authorities">
			<list>
				<bean class="security.Authority">
					<property name="authority" value="USER" />
				</bean>
			</list>
		</property>
	</bean>
	
	<bean id="userAccount10" class="security.UserAccount">
		<property name="username" value="user8" />
		<property name="password" value="7668f673d5669995175ef91b5d171945" />
		<property name="authorities">
			<list>
				<bean class="security.Authority">
					<property name="authority" value="USER" />
				</bean>
			</list>
		</property>
	</bean>
	
	<bean id="userAccount11" class="security.UserAccount">
		<property name="username" value="user9" />
		<property name="password" value="7668f673d5669995175ef91b5d171945" />
		<property name="authorities">
			<list>
				<bean class="security.Authority">
					<property name="authority" value="USER" />
				</bean>
			</list>
		</property>
	</bean>
	
	<!-- ADMIN -->
	
	<bean id="administrator1" class="domain.Administrator">
		<property name="name" value="Administrator" />
		<property name="surname" value="admin" />
		<property name="email" value="admin@gmail.com" />
		<property name="phoneNumber" value="2345" />
		<property name="postalAddress" value="casa" />
		<property name="idNumber" value="2345" />
		
		<property name="userAccount" ref="userAccount1" />
	</bean>
	
	<bean id="administrator2" class="domain.Administrator">
		<property name="name" value="System" />
		<property name="surname" value="administrator" />
		<property name="email" value="system@gmail.com" />
		<property name="phoneNumber" value="2345" />
		<property name="postalAddress" value="casa" />
		<property name="idNumber" value="2345" />
		
		<property name="userAccount" ref="userAccount2" />
	</bean>
	
	<!-- USER -->
	
	<bean id="user1" class="domain.User">
		<property name="name" value="User1" />
		<property name="surname" value="user" />
		<property name="email" value="user1@gmail.com" />
		<property name="phoneNumber" value="2345" />
		<property name="postalAddress" value="casa" />
		<property name="idNumber" value="2345" />
		
		<property name="userAccount" ref="userAccount3" />
	</bean>
	
	<bean id="user2" class="domain.User">
		<property name="name" value="User2" />
		<property name="surname" value="user" />
		<property name="email" value="user2@gmail.com" />
		<property name="phoneNumber" value="2345" />
		<property name="postalAddress" value="casa" />
		<property name="idNumber" value="2345" />
		
		<property name="userAccount" ref="userAccount4" />
	</bean>
	
	<bean id="user3" class="domain.User">
		<property name="name" value="User3" />
		<property name="surname" value="user" />
		<property name="email" value="user3@gmail.com" />
		<property name="phoneNumber" value="2345" />
		<property name="postalAddress" value="casa" />
		<property name="idNumber" value="2345" />
		
		<property name="userAccount" ref="userAccount5" />
	</bean>
	
	<bean id="user4" class="domain.User">
		<property name="name" value="User4" />
		<property name="surname" value="user" />
		<property name="email" value="user4@gmail.com" />
		<property name="phoneNumber" value="2345" />
		<property name="postalAddress" value="casa" />
		<property name="idNumber" value="2345" />
		
		<property name="userAccount" ref="userAccount6" />
	</bean>
	
	<bean id="user5" class="domain.User">
		<property name="name" value="User5" />
		<property name="surname" value="user" />
		<property name="email" value="user5@gmail.com" />
		<property name="phoneNumber" value="2345" />
		<property name="postalAddress" value="casa" />
		<property name="idNumber" value="2345" />
		
		<property name="userAccount" ref="userAccount7" />
	</bean>
	
	<bean id="user6" class="domain.User">
		<property name="name" value="User6" />
		<property name="surname" value="user" />
		<property name="email" value="user6@gmail.com" />
		<property name="phoneNumber" value="2345" />
		<property name="postalAddress" value="casa" />
		<property name="idNumber" value="2345" />
		
		<property name="userAccount" ref="userAccount8" />
	</bean>
	
	<bean id="user7" class="domain.User">
		<property name="name" value="User7" />
		<property name="surname" value="user" />
		<property name="email" value="user7@gmail.com" />
		<property name="phoneNumber" value="2345" />
		<property name="postalAddress" value="casa" />
		<property name="idNumber" value="2345" />
		
		<property name="userAccount" ref="userAccount9" />
	</bean>
	
	<bean id="user8" class="domain.User">
		<property name="name" value="User8" />
		<property name="surname" value="user" />
		<property name="email" value="user8@gmail.com" />
		<property name="phoneNumber" value="2345" />
		<property name="postalAddress" value="casa" />
		<property name="idNumber" value="2345" />
		
		<property name="userAccount" ref="userAccount10" />
	</bean>
	
	<bean id="user9" class="domain.User">
		<property name="name" value="User9" />
		<property name="surname" value="user" />
		<property name="email" value="user9@gmail.com" />
		<property name="phoneNumber" value="2345" />
		<property name="postalAddress" value="casa" />
		<property name="idNumber" value="2345" />
		
		<property name="userAccount" ref="userAccount11" />
	</bean>
	
	<!-- FOLDER -->
	<bean id="sent1" class="domain.Folder">
		<property name="name" value="Sent" />
		<property name="actor" ref="user1" />
	</bean>
	
	<bean id="received1" class="domain.Folder">
		<property name="name" value="Received" />
		<property name="actor" ref="user1" />
	</bean>
	
		<bean id="sent2" class="domain.Folder">
		<property name="name" value="Sent" />
		<property name="actor" ref="user2" />
	</bean>
	
	<bean id="received2" class="domain.Folder">
		<property name="name" value="Received" />
		<property name="actor" ref="user2" />
	</bean>
	
		<bean id="sent3" class="domain.Folder">
		<property name="name" value="Sent" />
		<property name="actor" ref="user3" />
	</bean>
	
	<bean id="received3" class="domain.Folder">
		<property name="name" value="Received" />
		<property name="actor" ref="user3" />
	</bean>
	
		<bean id="sent4" class="domain.Folder">
		<property name="name" value="Sent" />
		<property name="actor" ref="user4" />
	</bean>
	
	<bean id="received4" class="domain.Folder">
		<property name="name" value="Received" />
		<property name="actor" ref="user4" />
	</bean>
	
	<bean id="sent5" class="domain.Folder">
		<property name="name" value="Sent" />
		<property name="actor" ref="user5" />
	</bean>
	
	<bean id="received5" class="domain.Folder">
		<property name="name" value="Received" />
		<property name="actor" ref="user5" />
	</bean>
	
	<bean id="sent6" class="domain.Folder">
		<property name="name" value="Sent" />
		<property name="actor" ref="user6" />
	</bean>
	
	<bean id="received6" class="domain.Folder">
		<property name="name" value="Received" />
		<property name="actor" ref="user6" />
	</bean>
	
	<bean id="sent7" class="domain.Folder">
		<property name="name" value="Sent" />
		<property name="actor" ref="user7" />
	</bean>
	
	<bean id="received7" class="domain.Folder">
		<property name="name" value="Received" />
		<property name="actor" ref="user7" />
	</bean>
	
	<bean id="sent10" class="domain.Folder">
		<property name="name" value="Sent" />
		<property name="actor" ref="user8" />
	</bean>
	
	<bean id="received10" class="domain.Folder">
		<property name="name" value="Received" />
		<property name="actor" ref="user8" />
	</bean>
	
	<bean id="sent8" class="domain.Folder">
		<property name="name" value="Sent" />
		<property name="actor" ref="administrator1" />
	</bean>
	
	<bean id="received8" class="domain.Folder">
		<property name="name" value="Received" />
		<property name="actor" ref="administrator1" />
	</bean>
	
	<bean id="sent9" class="domain.Folder">
		<property name="name" value="Sent" />
		<property name="actor" ref="administrator2" />
	</bean>
	
	<bean id="received9" class="domain.Folder">
		<property name="name" value="Received" />
		<property name="actor" ref="administrator2" />
	</bean>
	
	<!-- MESSAGE -->
	
	<bean id="message1" class="domain.Message">
		<property name="title" value="Message1" />
		<property name="text" value="Estoy jugando a la Play" />
		<property name="moment" value="03/03/2017 23:49" />
		<property name="recipient" ref="user1" />
		<property name="sender" ref="user2" />
		<property name="folder" ref="sent2" />
	</bean>
	
	<bean id="message2" class="domain.Message">
		<property name="title" value="Message1" />
		<property name="text" value="Estoy jugando a la Play" />
		<property name="moment" value="03/03/2017 23:49" />
		<property name="recipient" ref="user1" />
		<property name="sender" ref="user2" />
		<property name="folder" ref="received1" />
	</bean>
	
	<bean id="message3" class="domain.Message">
		<property name="title" value="Message2" />
		<property name="text" value="Estoy jugando a la Play" />
		<property name="moment" value="03/03/2017 23:49" />
		<property name="recipient" ref="user3" />
		<property name="sender" ref="user5" />
		<property name="folder" ref="sent5" />
	</bean>
	
	<bean id="message4" class="domain.Message">
		<property name="title" value="Message2" />
		<property name="text" value="Estoy jugando a la Play" />
		<property name="moment" value="03/03/2017 23:49" />
		<property name="recipient" ref="user3" />
		<property name="sender" ref="user5" />
		<property name="folder" ref="received3" />
	</bean>
	
	<bean id="message5" class="domain.Message">
		<property name="title" value="Message3" />
		<property name="text" value="Estoy jugando a la Play" />
		<property name="moment" value="03/03/2017 23:49" />
		<property name="recipient" ref="user1" />
		<property name="sender" ref="user4" />
		<property name="folder" ref="sent4" />
	</bean>
	
	<bean id="message6" class="domain.Message">
		<property name="title" value="Message3" />
		<property name="text" value="Estoy jugando a la Play" />
		<property name="moment" value="03/03/2017 23:49" />
		<property name="recipient" ref="user1" />
		<property name="sender" ref="user4" />
		<property name="folder" ref="received1" />
	</bean>
	
	<bean id="message7" class="domain.Message">
		<property name="title" value="Message4" />
		<property name="text" value="Estoy jugando a la Play" />
		<property name="moment" value="03/03/2017 23:49" />
		<property name="recipient" ref="user1" />
		<property name="sender" ref="user2" />
		<property name="folder" ref="sent2" />
	</bean>
	
	<bean id="message8" class="domain.Message">
		<property name="title" value="Message4" />
		<property name="text" value="Estoy jugando a la Play" />
		<property name="moment" value="03/03/2017 23:49" />
		<property name="recipient" ref="user1" />
		<property name="sender" ref="user2" />
		<property name="folder" ref="received1" />
	</bean>
	
	<bean id="message9" class="domain.Message">
		<property name="title" value="Message5" />
		<property name="text" value="Estoy jugando a la Play" />
		<property name="moment" value="03/03/2017 23:49" />
		<property name="recipient" ref="user2" />
		<property name="sender" ref="user6" />
		<property name="folder" ref="sent6" />
	</bean>
	
	<bean id="message10" class="domain.Message">
		<property name="title" value="Message5" />
		<property name="text" value="Estoy jugando a la Play" />
		<property name="moment" value="03/03/2017 23:49" />
		<property name="recipient" ref="user2" />
		<property name="sender" ref="user6" />
		<property name="folder" ref="received2" />
	</bean>
	
	<bean id="message11" class="domain.Message">
		<property name="title" value="Message6" />
		<property name="text" value="Estoy jugando a la Play" />
		<property name="moment" value="03/03/2017 23:49" />
		<property name="recipient" ref="user3" />
		<property name="sender" ref="user1" />
		<property name="folder" ref="sent1" />
	</bean>
	
	<bean id="message12" class="domain.Message">
		<property name="title" value="Message6" />
		<property name="text" value="Estoy jugando a la Play" />
		<property name="moment" value="03/03/2017 23:49" />
		<property name="recipient" ref="user3" />
		<property name="sender" ref="user1" />
		<property name="folder" ref="received3" />
	</bean>
	
	<!-- ASSOCIATIONS -->
	
	<bean id="association1" class="domain.Association">
		<property name="name" value="Asociacion1" />
		<property name="description" value="description" />
		<property name="address" value="address" />
		<property name="creationDate" value="2017/03/30" />
		<property name="statutes" value="http://www.lmgtfy.com" />
		<property name="announcements" value="Announcements" />
		<property name="picture" value="http://www.zoonewengland.org/media/813822/redpanda_gallery10.jpg" />
		<property name="closedAssociation" value="false" />
		<property name="adminClosed" value="false" />
	</bean>
	
	<bean id="association2" class="domain.Association">
		<property name="name" value="Asociacion2" />
		<property name="description" value="description" />
		<property name="address" value="address" />
		<property name="creationDate" value="2017/03/30" />
		<property name="statutes" value="http://www.lmgtfy.com" />
		<property name="announcements" value="Announcements" />
		<property name="picture" value="http://www.zoonewengland.org/media/813822/redpanda_gallery10.jpg" />
		<property name="closedAssociation" value="false" />
		<property name="adminClosed" value="false" />
	</bean>
	
	<bean id="association3" class="domain.Association">
		<property name="name" value="Asociacion3" />
		<property name="description" value="description" />
		<property name="address" value="address" />
		<property name="creationDate" value="2017/03/30" />
		<property name="statutes" value="http://www.lmgtfy.com" />
		<property name="announcements" value="Announcements" />
		<property name="picture" value="http://www.zoonewengland.org/media/813822/redpanda_gallery10.jpg" />
		<property name="closedAssociation" value="false" />
		<property name="adminClosed" value="false" />
	</bean>
	
	<bean id="association4" class="domain.Association">
		<property name="name" value="Asociacion4" />
		<property name="description" value="description" />
		<property name="address" value="address" />
		<property name="creationDate" value="2017/03/30" />
		<property name="statutes" value="http://www.lmgtfy.com" />
		<property name="announcements" value="Announcements" />
		<property name="picture" value="http://www.zoonewengland.org/media/813822/redpanda_gallery10.jpg" />
		<property name="closedAssociation" value="false" />
		<property name="adminClosed" value="false" />
	</bean>
	
	<bean id="association5" class="domain.Association">
		<property name="name" value="Asociacion5" />
		<property name="description" value="description" />
		<property name="address" value="address" />
		<property name="creationDate" value="2017/03/30" />
		<property name="statutes" value="http://www.lmgtfy.com" />
		<property name="announcements" value="Announcements" />
		<property name="picture" value="http://www.zoonewengland.org/media/813822/redpanda_gallery10.jpg" />
		<property name="closedAssociation" value="false" />
		<property name="adminClosed" value="true" />
	</bean>
	
	<bean id="association6" class="domain.Association">
		<property name="name" value="Asociacion6" />
		<property name="description" value="description" />
		<property name="address" value="address" />
		<property name="creationDate" value="2017/03/30" />
		<property name="statutes" value="http://www.lmgtfy.com" />
		<property name="announcements" value="Announcements" />
		<property name="picture" value="http://www.zoonewengland.org/media/813822/redpanda_gallery10.jpg" />
		<property name="closedAssociation" value="true" />
		<property name="adminClosed" value="false" />
	</bean>
	
	<!-- ROLES -->
	<bean id="roles1" class="domain.Roles">
		<property name="type" value="MANAGER"/>
		<property name="association" ref="association1" />
		<property name="user" ref="user1" />
	</bean>
	
	<bean id="roles2" class="domain.Roles">
		<property name="type" value="MANAGER"/>
		
		<property name="association" ref="association2" />
		<property name="user" ref="user2" />
	</bean>
	
	<bean id="roles3" class="domain.Roles">
		<property name="type" value="MANAGER"/>
		<property name="association" ref="association3" />
		<property name="user" ref="user3" />
	</bean>
	
	<bean id="roles4" class="domain.Roles">
		<property name="type" value="MANAGER"/>
		<property name="association" ref="association4" />
		<property name="user" ref="user4" />
	</bean>
	
	<bean id="roles5" class="domain.Roles">
		<property name="type" value="MANAGER"/>
		<property name="association" ref="association5" />
		<property name="user" ref="user5" />
	</bean>
	
	<bean id="roles6" class="domain.Roles">
		<property name="type" value="MANAGER"/>
		<property name="association" ref="association6" />
		<property name="user" ref="user6" />
	</bean>
	
	<bean id="roles7" class="domain.Roles">
		<property name="type" value="COLLABORATOR"/>
		<property name="association" ref="association1" />
		<property name="user" ref="user2" />
	</bean>
	
	<bean id="roles8" class="domain.Roles">
		<property name="type" value="COLLABORATOR"/>
		<property name="association" ref="association1" />
		<property name="user" ref="user3" />
	</bean>
	
	<bean id="roles9" class="domain.Roles">
		<property name="type" value="COLLABORATOR"/>
		<property name="association" ref="association1" />
		<property name="user" ref="user4" />
	</bean>
	
	<bean id="roles10" class="domain.Roles">
		<property name="type" value="COLLABORATOR"/>
		<property name="association" ref="association1" />
		<property name="user" ref="user5" />
	</bean>
	
	<bean id="roles11" class="domain.Roles">
		<property name="type" value="COLLABORATOR"/>
		<property name="association" ref="association1" />
		<property name="user" ref="user6" />
	</bean>
	
	<bean id="roles12" class="domain.Roles">
		<property name="type" value="ASSOCIATE"/>
		<property name="association" ref="association1" />
		<property name="user" ref="user8" />
	</bean>
	
	<!-- Sections -->
	
	<bean id="section1" class="domain.Section">
		<property name="name" value="Section1"/>
		<property name="association" ref="association1" />
		<property name="user" ref="user1" />
	</bean>
	
	<bean id="section2" class="domain.Section">
		<property name="name" value="Section1"/>
		<property name="association" ref="association1" />
		<property name="user" ref="user2" />
	</bean>
	
	<bean id="section3" class="domain.Section">
		<property name="name" value="Section1"/>
		<property name="association" ref="association1" />
		<property name="user" ref="user3" />
	</bean>
	
	<bean id="section4" class="domain.Section">
		<property name="name" value="Section1"/>
		<property name="association" ref="association1" />
		<property name="user" ref="user4" />
	</bean>
	
	<bean id="section5" class="domain.Section">
		<property name="name" value="Section1"/>
		<property name="association" ref="association1" />
		<property name="user" ref="user5" />
	</bean>
	
	<bean id="section6" class="domain.Section">
		<property name="name" value="Section1"/>
		<property name="association" ref="association1" />
		<property name="user" ref="user6" />
	</bean>
	
	<bean id="section7" class="domain.Section">
		<property name="name" value="Section1"/>
		<property name="association" ref="association2" />
		<property name="user" ref="user1" />
	</bean>
	
	<!-- PLACE -->
	
	<bean id="place1" class="domain.Place">
		<property name="address" value="Calle gotg" />
		<property name="latitude" value="0.0" />
		<property name="longitude" value="0.0" />
	</bean>
	
	<bean id="place2" class="domain.Place">
		<property name="address" value="Calle pesadilla" />
		<property name="latitude" value="10.0" />
		<property name="longitude" value="80.0" />
	</bean>
	
	<bean id="place3" class="domain.Place">
		<property name="address" value="Calle barbacoa" />
		<property name="longitude" value="-120.0" />
		<property name="latitude" value="40.0" />
	</bean>
	
	<bean id="place4" class="domain.Place">
		<property name="address" value="Calle patata" />
		<property name="latitude" value="-10.0" />
		<property name="longitude" value="10.0" />
	</bean>
	
	<bean id="place5" class="domain.Place">
		<property name="address" value="Calle chorizo" />
		<property name="latitude" value="0.0" />
		<property name="longitude" value="-20.0" />
	</bean>
	
	<bean id="place6" class="domain.Place">
		<property name="address" value="Calle melon" />
		<property name="latitude" value="-20.0" />
		<property name="longitude" value="0.0" />
	</bean>
	
	<bean id="place7" class="domain.Place">
		<property name="address" value="Calle vida" />
		<property name="longitude" value="150" />
		<property name="latitude" value="-45" />
	</bean>
	
	<bean id="place8" class="domain.Place">
		<property name="address" value="Calle " />
		<property name="latitude" value="30" />
		<property name="longitude" value="20" />
	</bean>
	
	<!-- Activities -->
	
	<bean id="activity1" class="domain.Activity">
		<property name="name" value="Activity1"/>
		<property name="description" value="asgf"/>
		<property name="startMoment" value="2017/07/23 15:00"/>
		<property name="endMoment" value="2017/07/23 22:00"/>
		<property name="maximumAttendants" value="14"/>
		<property name="publicActivity" value="true"/>
		<property name="association" ref="association1"/>
		<property name="attendants">
			<list>
				<ref bean="user1"></ref>
				<ref bean="user3"></ref>
			</list>
		</property>
	</bean>
	
	<bean id="activity2" class="domain.Activity">
		<property name="name" value="Activity2"/>
		<property name="description" value="asgf"/>
		<property name="startMoment" value="2017/07/25 15:00"/>
		<property name="endMoment" value="2017/07/26 22:00"/>
		<property name="maximumAttendants" value="21"/>
		<property name="publicActivity" value="false"/>
		<property name="association" ref="association1"/>
		<property name="attendants">
			<list>
				<ref bean="user2"></ref>
				<ref bean="user5"></ref>
				<ref bean="user4"></ref>
			</list>
		</property>
	</bean>
	
	<bean id="activity3" class="domain.Activity">
		<property name="name" value="Activity3"/>
		<property name="description" value="asgf"/>
		<property name="startMoment" value="2017/04/23 15:00"/>
		<property name="endMoment" value="2017/04/23 22:00"/>
		<property name="maximumAttendants" value="10"/>
		<property name="publicActivity" value="true"/>
		<property name="association" ref="association1"/>
		<property name="winner" ref="user6"/>
		<property name="place" ref="place4"/>
		<property name="attendants">
			<list>
				<ref bean="user1"></ref>
				<ref bean="user3"></ref>
				<ref bean="user6"></ref>
				<ref bean="user4"></ref>
				<ref bean="user2"></ref>
			</list>
		</property>
	</bean>
	
	<bean id="activity4" class="domain.Activity">
		<property name="name" value="Activity4"/>
		<property name="description" value="asgf"/>
		<property name="startMoment" value="2017/07/28 15:00"/>
		<property name="endMoment" value="2017/07/31 23:59"/>
		<property name="maximumAttendants" value="14"/>
		<property name="publicActivity" value="true"/>
		<property name="association" ref="association1"/>
		<property name="place" ref="place5"/>
		<property name="attendants">
			<list>
			</list>
		</property>
	</bean>
	
	<bean id="activity5" class="domain.Activity">
		<property name="name" value="Activity5"/>
		<property name="description" value="asgf"/>
		<property name="startMoment" value="2018/07/23 15:00"/>
		<property name="endMoment" value="2018/07/23 22:00"/>
		<property name="maximumAttendants" value="2"/>
		<property name="publicActivity" value="false"/>
		<property name="association" ref="association1"/>
		<property name="place" ref="place8"/>
		<property name="attendants">
			<list>
				<ref bean="user1"></ref>
				<ref bean="user3"></ref>
			</list>
		</property>
	</bean>
	
	<bean id="activity6" class="domain.Activity">
		<property name="name" value="Activity6"/>
		<property name="description" value="asgf"/>
		<property name="startMoment" value="2017/07/23 15:00"/>
		<property name="endMoment" value="2017/07/23 22:00"/>
		<property name="maximumAttendants" value="12"/>
		<property name="publicActivity" value="true"/>
		<property name="association" ref="association1"/>
		<property name="place" ref="place7"/>
		<property name="attendants">
			<list>
				<ref bean="user1"></ref>
				<ref bean="user3"></ref>
			</list>
		</property>
	</bean>

	<!-- Requests -->

	<bean id="request1" class="domain.Request">
		<property name="association" ref="association2" />
		<property name="user" ref="user1" />
	</bean>
	
	<bean id="request2" class="domain.Request">
		<property name="association" ref="association2" />
		<property name="user" ref="user3" />
	</bean>
	
	<bean id="request3" class="domain.Request">
		<property name="association" ref="association2" />
		<property name="user" ref="user4" />
	</bean>
	
	<bean id="request4" class="domain.Request">
		<property name="association" ref="association2" />
		<property name="user" ref="user5" />
	</bean>
	
	<bean id="request5" class="domain.Request">
		<property name="association" ref="association2" />
		<property name="user" ref="user6" />
	</bean>
	
	<bean id="request6" class="domain.Request">
		<property name="association" ref="association2" />
		<property name="user" ref="user7" />
	</bean>
	
	<!-- Comments -->
	
	<bean id="comment1" class="domain.Comment">
		<property name="title" value="title" />
		<property name="text" value="text" />
		<property name="moment" value="2017/04/28 15:00" />
		<property name="commentable" ref="association1" />
		<property name="user" ref="user1" />
	</bean>
	
	<bean id="comment2" class="domain.Comment">
		<property name="title" value="title" />
		<property name="text" value="text" />
		<property name="moment" value="2017/04/28 15:00" />
		<property name="commentable" ref="association1" />
		<property name="user" ref="user2" />
	</bean>
	
	<bean id="comment3" class="domain.Comment">
		<property name="title" value="title" />
		<property name="text" value="text" />
		<property name="moment" value="2017/04/28 15:00" />
		<property name="commentable" ref="association1" />
		<property name="user" ref="user3" />
	</bean>
	
	<bean id="comment4" class="domain.Comment">
		<property name="title" value="title" />
		<property name="text" value="text" />
		<property name="moment" value="2017/04/28 15:00" />
		<property name="commentable" ref="association1" />
		<property name="user" ref="user4" />
	</bean>
	
	<bean id="comment5" class="domain.Comment">
		<property name="title" value="title" />
		<property name="text" value="text" />
		<property name="moment" value="2017/04/28 15:00" />
		<property name="commentable" ref="association1" />
		<property name="user" ref="user5" />
	</bean>
	
	<bean id="comment6" class="domain.Comment">
		<property name="title" value="title" />
		<property name="text" value="text" />
		<property name="moment" value="2017/04/28 15:00" />
		<property name="commentable" ref="association1" />
		<property name="user" ref="user6" />
	</bean>
	
	<!-- Sanctions -->
	
	<bean id="sanction1" class="domain.Sanction">
		<property name="motiff" value="motiff" />
		<property name="endDate" value="2017/03/21 15:00" />
		<property name="association" ref="association1" />
		<property name="user" ref="user3" />
	</bean>
	
	<bean id="sanction2" class="domain.Sanction">
		<property name="motiff" value="motiff" />
		<property name="endDate" value="2017/03/21 15:00" />
		<property name="association" ref="association1" />
		<property name="user" ref="user2" />
	</bean>
	
	<bean id="sanction3" class="domain.Sanction">
		<property name="motiff" value="motiff" />
		<property name="endDate" value="2017/03/21 15:00" />
		<property name="association" ref="association1" />
		<property name="user" ref="user4" />
	</bean>
	
	<bean id="sanction4" class="domain.Sanction">
		<property name="motiff" value="motiff" />
		<property name="endDate" value="2017/03/21 15:00" />
		<property name="association" ref="association1" />
		<property name="user" ref="user5" />
	</bean>
	
	<bean id="sanction5" class="domain.Sanction">
		<property name="motiff" value="motiff" />
		<property name="endDate" value="2017/03/21 15:00" />
		<property name="association" ref="association1" />
		<property name="user" ref="user6" />
	</bean>
	
	<bean id="sanction6" class="domain.Sanction">
		<property name="motiff" value="motiff" />
		<property name="endDate" value="2017/03/21 15:00" />
		<property name="association" ref="association1" />
		<property name="user" ref="user1" />
	</bean>
	
	<bean id="sanction7" class="domain.Sanction">
		<property name="motiff" value="motiff" />
		<property name="endDate" value="2017/07/21 14:00" />
		<property name="association" ref="association1" />
		<property name="user" ref="user3" />
	</bean>
	
	<bean id="sanction8" class="domain.Sanction">
		<property name="motiff" value="motiff" />
		<property name="endDate" value="2017/07/21 16:00" />
		<property name="association" ref="association1" />
		<property name="user" ref="user4" />
	</bean>
	
	<!-- Meeting -->
	
	<bean id="meeting1" class="domain.Meeting">
		<property name="address" value="address" />
		<property name="moment" value="2017/07/21 16:00" />
		<property name="agenda" value="http://www.google.com" />
		<property name="issue" value="issue" />
		<property name="association" ref="association1" />
	</bean>
	
	<bean id="meeting2" class="domain.Meeting">
		<property name="address" value="address" />
		<property name="moment" value="2017/05/21 16:00" />
		<property name="agenda" value="http://www.google.com" />
		<property name="issue" value="issue" />
		<property name="association" ref="association1" />
	</bean>
	
	<bean id="meeting3" class="domain.Meeting">
		<property name="address" value="address" />
		<property name="moment" value="2017/05/22 16:00" />
		<property name="agenda" value="http://www.google.com" />
		<property name="issue" value="issue" />
		<property name="association" ref="association1" />
	</bean>
	
	<bean id="meeting4" class="domain.Meeting">
		<property name="address" value="address" />
		<property name="moment" value="2017/05/23 16:00" />
		<property name="agenda" value="http://www.google.com" />
		<property name="issue" value="issue" />
		<property name="association" ref="association1" />
	</bean>
	
	<bean id="meeting5" class="domain.Meeting">
		<property name="address" value="address" />
		<property name="moment" value="2017/05/24 16:00" />
		<property name="agenda" value="http://www.google.com" />
		<property name="issue" value="issue" />
		<property name="association" ref="association1" />
	</bean>
	
	<bean id="meeting6" class="domain.Meeting">
		<property name="address" value="address" />
		<property name="moment" value="2017/05/25 16:00" />
		<property name="agenda" value="http://www.google.com" />
		<property name="issue" value="issue" />
		<property name="association" ref="association1" />
	</bean>
	
	<!-- Items -->
	
	<bean id="item1" class="domain.Item">
		<property name="name" value="item1" />
		<property name="identifier" value="20170521-b73" />
		<property name="itemCondition" value="GOOD" />
		<property name="description" value="description" />
		<property name="picture" value="" />
		<property name="section" ref="section1" />
	</bean>
	
	<bean id="item2" class="domain.Item">
		<property name="name" value="item2" />
		<property name="identifier" value="20170521-b72" />
		<property name="itemCondition" value="GOOD" />
		<property name="description" value="description" />
		<property name="picture" value="http://www.zoonewengland.org/media/813822/redpanda_gallery10.jpg" />
		<property name="section" ref="section1" />
	</bean>
	
	<bean id="item3" class="domain.Item">
		<property name="name" value="item3" />
		<property name="identifier" value="20170521-b71" />
		<property name="itemCondition" value="GOOD" />
		<property name="description" value="description" />
		<property name="picture" value="" />
		<property name="section" ref="section1" />
	</bean>
	
	<bean id="item4" class="domain.Item">
		<property name="name" value="item4" />
		<property name="identifier" value="20170521-b70" />
		<property name="itemCondition" value="BAD" />
		<property name="description" value="description" />
		<property name="picture" value="" />
		<property name="section" ref="section1" />
	</bean>
	
	<bean id="item5" class="domain.Item">
		<property name="name" value="item5" />
		<property name="identifier" value="20170521-b79" />
		<property name="itemCondition" value="EXCELENT" />
		<property name="description" value="description" />
		<property name="picture" value="" />
		<property name="section" ref="section1" />
	</bean>
	
	<bean id="item6" class="domain.Item">
		<property name="name" value="item6" />
		<property name="identifier" value="20170521-b78" />
		<property name="itemCondition" value="EXCELENT" />
		<property name="description" value="description" />
		<property name="picture" value="http://www.zoonewengland.org/media/813822/redpanda_gallery10.jpg" />
		<property name="section" ref="section1" />
	</bean>
	
	<!-- Loans -->
	
	<bean id="loan1" class="domain.Loan">
		<property name="startDate" value="2017/03/21" />
		<property name="expectedDate" value="2017/03/24" />
		<property name="finalDate" value="2017/04/23" />
		<property name="item" ref="item1" />
		<property name="lender" ref="user1" />
		<property name="borrower" ref="user2" />
	</bean>
	
	<bean id="loan2" class="domain.Loan">
		<property name="startDate" value="2017/03/21" />
		<property name="expectedDate" value="2017/03/24" />
		<property name="finalDate" value="2017/04/23" />
		<property name="item" ref="item2" />
		<property name="lender" ref="user1" />
		<property name="borrower" ref="user2" />
	</bean>
	
	<bean id="loan3" class="domain.Loan">
		<property name="startDate" value="2017/03/21" />
		<property name="expectedDate" value="2017/03/24" />
		<property name="finalDate" value="2017/04/23" />
		<property name="item" ref="item3" />
		<property name="lender" ref="user1" />
		<property name="borrower" ref="user2" />
	</bean>
	
	<bean id="loan4" class="domain.Loan">
		<property name="startDate" value="2017/03/21" />
		<property name="expectedDate" value="2017/03/24" />
		<property name="finalDate" > <null /> </property>
		<property name="item" ref="item4" />
		<property name="lender" ref="user1" />
		<property name="borrower" ref="user2" />
	</bean>
	
	<bean id="loan5" class="domain.Loan">
		<property name="startDate" value="2017/03/21" />
		<property name="expectedDate" value="2017/03/24" />
		<property name="finalDate"> <null /> </property>
		<property name="item" ref="item5" />
		<property name="lender" ref="user1" />
		<property name="borrower" ref="user2" />
	</bean>
	
	<bean id="loan6" class="domain.Loan">
		<property name="startDate" value="2017/03/21" />
		<property name="expectedDate" value="2017/03/24" />
		<property name="finalDate"> <null/> </property>
		<property name="item" ref="item6" />
		<property name="lender" ref="user1" />
		<property name="borrower" ref="user2" />
	</bean>
	
	<!-- Minutes -->
	
	<bean id="minutes1" class="domain.Minutes">
		<property name="document" value="http://http://www.google.es" />
		<property name="users">
			<list>
				<ref bean="user2"></ref>
				<ref bean="user3"></ref>
			</list>
		</property>	
		<property name="meeting" ref="meeting1" />
	</bean>
	
	<bean id="minutes2" class="domain.Minutes">
		<property name="document" value="http://www.google.es" />
		<property name="users">
			<list>
				<ref bean="user2"></ref>
				<ref bean="user3"></ref>
			</list>
		</property>	
		<property name="meeting" ref="meeting2" />
	</bean>
	
	<bean id="minutes3" class="domain.Minutes">
		<property name="document" value="http://www.google.es" />
		<property name="users">
			<list>
				<ref bean="user2"></ref>
				<ref bean="user3"></ref>
			</list>
		</property>	
		<property name="meeting" ref="meeting3" />
	</bean>
	
	<bean id="minutes4" class="domain.Minutes">
		<property name="document" value="http://www.google.es" />
		<property name="users">
			<list>
				<ref bean="user2"></ref>
				<ref bean="user3"></ref>
			</list>
		</property>	
		<property name="meeting" ref="meeting4" />
	</bean>
	
	<bean id="minutes5" class="domain.Minutes">
		<property name="document" value="http://www.google.es" />
		<property name="users">
			<list>
				<ref bean="user2"></ref>
				<ref bean="user3"></ref>
			</list>
		</property>	
		<property name="meeting" ref="meeting5" />
	</bean>
	
	<bean id="minutes6" class="domain.Minutes">
		<property name="document" value="http://www.google.es" />
		<property name="users">
			<list>
				<ref bean="user2"></ref>
				<ref bean="user3"></ref>
			</list>
		</property>	
		<property name="meeting" ref="meeting6" />
	</bean>
	
</beans>