<?xml version="1.0" encoding="UTF-8"?>

<!-- 
 * converters.xml
 *
 * Copyright (C) 2017 Universidad de Sevilla
 * 
 * The use of this project is hereby constrained to the conditions of the 
 * TDG Licence, a copy of which you may download from 
 * http://www.tdg-seville.info/License.html
 -->

<beans xmlns="http://www.springframework.org/schema/beans"
	xmlns:xsi="http://www.w3.org/2001/XMLSchema-instance" xmlns:util="http://www.springframework.org/schema/util"
	xsi:schemaLocation="
		http://www.springframework.org/schema/beans http://www.springframework.org/schema/beans/spring-beans-4.0.xsd		
		http://www.springframework.org/schema/util http://www.springframework.org/schema/util/spring-util-4.0.xsd		
	">

	<util:list id="converters">
	
		<bean class="converters.ActorToStringConverter" />
		<bean class="converters.StringToActorConverter" />
		
		<bean class="converters.AdministratorToStringConverter" />
		<bean class="converters.StringToAdministratorConverter" />
		
		<bean class="converters.ActivityToStringConverter" />
		<bean class="converters.StringToActivityConverter" />
		
		<bean class="converters.AssociationToStringConverter" />
		<bean class="converters.StringToAssociationConverter" />
		
		<bean class="converters.CommentableToStringConverter" />
		<bean class="converters.StringToCommentableConverter" />
		
		<bean class="converters.AuthorityToStringConverter" />
		<bean class="converters.StringToAuthorityConverter" />
		
		<bean class="converters.MessageToStringConverter" />
		<bean class="converters.StringToMessageConverter" />
		
		<bean class="converters.FolderToStringConverter" />
		<bean class="converters.StringToFolderConverter" />
		
		<bean class="converters.CommentToStringConverter" />
		<bean class="converters.StringToCommentConverter" />
		
		<bean class="converters.UserAccountToStringConverter" />
		<bean class="converters.StringToUserAccountConverter" />
		
		<bean class="converters.CommentableToStringConverter" />
		<bean class="converters.StringToCommentableConverter" />
		
		<bean class="converters.ItemToStringConverter" />
		<bean class="converters.StringToItemConverter" />
		
		<bean class="converters.LoanToStringConverter" />
		<bean class="converters.StringToLoanConverter" />	
		
		<bean class="converters.MeetingToStringConverter" />
		<bean class="converters.StringToMeetingConverter" />
		
		<bean class="converters.MinutesToStringConverter" />
		<bean class="converters.StringToMinutesConverter" />
		
		<bean class="converters.PlaceToStringConverter" />
		<bean class="converters.StringToPlaceConverter" />
		
		<bean class="converters.RequestToStringConverter" />
		<bean class="converters.StringToRequestConverter" />
		
		<bean class="converters.RolesToStringConverter" />
		<bean class="converters.StringToRolesConverter" />
		
		<bean class="converters.SanctionToStringConverter" />
		<bean class="converters.StringToSanctionConverter" />
		
		<bean class="converters.SectionToStringConverter" />
		<bean class="converters.StringToSectionConverter" />
		
		<bean class="converters.UserToStringConverter" />
		<bean class="converters.StringToUserConverter" />
		
	</util:list>
	
</beans>