<?xml version="1.0" encoding="UTF-8"?>

<!-- 
 * security.xml
 *
 * Copyright (C) 2017 Universidad de Sevilla
 * 
 * The use of this project is hereby constrained to the conditions of the 
 * TDG Licence, a copy of which you may download from 
 * http://www.tdg-seville.info/License.html
 -->

<beans xmlns="http://www.springframework.org/schema/beans"
	xmlns:xsi="http://www.w3.org/2001/XMLSchema-instance" xmlns:security="http://www.springframework.org/schema/security"	
	xsi:schemaLocation="
		http://www.springframework.org/schema/beans http://www.springframework.org/schema/beans/spring-beans-4.0.xsd		
        http://www.springframework.org/schema/security http://www.springframework.org/schema/security/spring-security-3.2.xsd
    ">

	<!-- Security infrastructure -->

	<bean id="loginService" class="security.LoginService" />

	<bean id="passwordEncoder"
		class="org.springframework.security.authentication.encoding.Md5PasswordEncoder" />

	<!-- Access control -->

	<security:http auto-config="true" use-expressions="true">
		<security:intercept-url pattern="/" access="permitAll" /> 

		<security:intercept-url pattern="/favicon.ico" access="permitAll" /> 
		<security:intercept-url pattern="/images/**" access="permitAll" /> 
		<security:intercept-url pattern="/scripts/**" access="permitAll" /> 
		<security:intercept-url pattern="/styles/**" access="permitAll" />
		<security:intercept-url pattern="/bootstrap/**" access="permitAll" /> 
		<security:intercept-url pattern="/css/**" access="permitAll" /> 
		<security:intercept-url pattern="/js/**" access="permitAll" />
		<security:intercept-url pattern="/locales/**" access="permitAll" /> 
		

		<security:intercept-url pattern="/views/misc/index.jsp" access="permitAll" /> 

		<security:intercept-url pattern="/security/login.do" access="permitAll" /> 
		<security:intercept-url pattern="/security/loginFailure.do" access="permitAll" /> 

		<security:intercept-url pattern="/welcome/index.do" access="permitAll" /> 
		
		<!-- ACTOR --> 
		<security:intercept-url pattern="/actor/actor/display.do**" access="isAuthenticated()" /> 
		 
		 <!-- Association -->
		 
		 <security:intercept-url pattern="/association/list.do**" access="permitAll" /> 
		 <security:intercept-url pattern="/association/**/display.do**" access="permitAll" /> 
		 <security:intercept-url pattern="/association/user/**" access="hasRole('USER')" />
		 <security:intercept-url pattern="/association/administrator/**" access="hasRole('ADMIN')" />
		 <security:intercept-url pattern="/association/edit.do" access="hasRole('USER')" />
		 

		  
		  <!-- Comment -->
		  <security:intercept-url pattern="/comment/user/**" access="hasRole('USER')" />
			<!-- Comment -->
		  <security:intercept-url pattern="/request/user/**" access="hasRole('USER')" />

		 <!-- Item -->
		  <security:intercept-url pattern="/item/user/**" access="hasRole('USER')" /> 
		  <security:intercept-url pattern="/item/filter**" access="permitAll" /> 
		  
		  <!-- Request -->
		  <security:intercept-url pattern="/meeting/user/**" access="hasRole('USER')" /> 
		  <security:intercept-url pattern="/user/meeting/**" access="hasRole('USER')" />
		  <security:intercept-url pattern="/minutes/user/**" access="hasRole('USER')" /> 
		  <security:intercept-url pattern="/user/minutes/**" access="hasRole('USER')" />
		 
		<!-- Redirects --> 
		<security:intercept-url pattern="/redirect/**" access="permitAll" /> 
		
		<!-- Section -->
      	<security:intercept-url pattern="/section/**" access="permitAll" /> 
     	<security:intercept-url pattern="/section/user/**" access="hasRole('USER')" />
     	
		<!-- Sanction -->
     	<security:intercept-url pattern="/sanction/myActiveSanctions.do" access="hasRole('USER')" />
     	<security:intercept-url pattern="/sanction/mySanctions.do" access="hasRole('USER')" />
     	<security:intercept-url pattern="/sanction/display.do**" access="hasRole('USER')" />
     	<security:intercept-url pattern="/sanction/user/**" access="isAuthenticated()" />
     	<security:intercept-url pattern="/sanction/user/**" access="hasRole('USER')" />
				
		<!-- Activity -->
      	<security:intercept-url pattern="/activity/**" access="permitAll" /> 
     	<security:intercept-url pattern="/activity/user/**" access="hasRole('USER')" />
				
		<!-- Place -->
      	<security:intercept-url pattern="/place/**" access="permitAll" /> 
     	<security:intercept-url pattern="/place/user/**" access="hasRole('USER')" />
				
		<!-- User --> 
		<security:intercept-url pattern="/user/register.do**" access="isAnonymous()" /> 
		<security:intercept-url pattern="/user/edit.do**" access="isAnonymous()" /> 
		<security:intercept-url pattern="/actor/actor/**" access="isAuthenticated()"/>
		
		<!-- Loan -->
		<security:intercept-url pattern="/loan/user/**" access="hasRole('USER')"/>
		
		
		
		<security:intercept-url pattern="/user/user/edit.do**" access="hasRole('USER')" /> 
		
		<!-- Folder -->
		<security:intercept-url pattern="/dashboard/admin/**" access="hasRole('ADMIN')" /> 
		
		<!-- Folder -->
		 <security:intercept-url pattern="/folder/actor/**" access="isAuthenticated()" /> 
		 <security:intercept-url pattern="/message/actor/**" access="isAuthenticated()" />
		 
		<security:intercept-url pattern="/**" access="permitAll" />
		
		<!-- Upload -->
      	<security:intercept-url pattern="/upload/**" access="permitAll" />
		

		<security:form-login 
			login-page="/security/login.do"
			password-parameter="password" 
			username-parameter="username"
			authentication-failure-url="/security/loginFailure.do" />

		<security:logout 
			logout-success-url="/" 
			invalidate-session="true" />
	</security:http>

</beans>